<?xml version="1.0" encoding="UTF-8"?>
<spirit:component xmlns:spirit="http://www.spiritconsortium.org/XMLSchema/SPIRIT/1.4" xmlns:xsi="http://www.w3.org/2001/XMLSchema-instance">
	<spirit:vendor>Numato Lab</spirit:vendor>
	<spirit:library>bsb_lib.components</spirit:library>
	<spirit:name>bsb_component</spirit:name>
	<spirit:version>3.0</spirit:version>
	<spirit:busInterfaces>
		<spirit:busInterface spirit:service="requestor">
			<spirit:name>clock_0</spirit:name>
			<spirit:busType spirit:vendor="xilinx.com" spirit:library="bsb_lib.busdefs" spirit:name="ref_clock" spirit:version="1.0"/>
			<spirit:master>
			</spirit:master>
			<spirit:parameters>
				<spirit:parameter>
					<spirit:name>frequency</spirit:name>
					<spirit:value spirit:format="long" spirit:resolve="immediate" spirit:id="refclk_frequency_0" spirit:minimum="100000000" spirit:maximum="100000000" spirit:rangeType="int">100000000</spirit:value>
				</spirit:parameter>
			</spirit:parameters>
		</spirit:busInterface>
		<spirit:busInterface spirit:service="requestor">
			<spirit:name>reset_0</spirit:name>
			<spirit:busType spirit:vendor="xilinx.com" spirit:library="bsb_lib.busdefs" spirit:name="ref_reset" spirit:version="1.0"/>
			<spirit:master>
			</spirit:master>
			<spirit:parameters>
				<spirit:parameter>
					<spirit:name>RST_POLARITY</spirit:name>
					<spirit:value spirit:format="string" spirit:resolve="immediate" spirit:id="reset_polarity">1</spirit:value>
				</spirit:parameter>
			</spirit:parameters>
		</spirit:busInterface>
		<spirit:busInterface spirit:service="requestor">
			<spirit:name>GPIO_HDRP2_PORT0</spirit:name>
			<spirit:busType spirit:vendor="xilinx.com" spirit:library="bsb_lib.busdefs" spirit:name="gpio" spirit:version="1.0"/>
			<spirit:master>
			</spirit:master>
			<spirit:parameters>
				<spirit:parameter>
					<spirit:name>C_GPIO_WIDTH</spirit:name>
					<spirit:value spirit:format="string" spirit:resolve="immediate" spirit:id="GPIO_HDRP2_PORT0_GPIO_WIDTH_ID">32</spirit:value>
				</spirit:parameter>
				<spirit:parameter>
					<spirit:name>C_ALL_INPUTS</spirit:name>
					<spirit:value spirit:format="string" spirit:resolve="immediate" spirit:id="GPIO_HDRP2_PORT0_ALL_INPUTS_ID">0</spirit:value>
				</spirit:parameter>
				<spirit:parameter>
					<spirit:name>C_IS_DUAL</spirit:name>
					<spirit:value spirit:format="string" spirit:resolve="immediate" spirit:id="GPIO_HDRP2_PORT0_IS_DUAL_ID">0</spirit:value>
				</spirit:parameter>
			</spirit:parameters>
		</spirit:busInterface>
		<spirit:busInterface spirit:service="requestor">
			<spirit:name>GPIO_HDRP2_PORT1</spirit:name>
			<spirit:busType spirit:vendor="xilinx.com" spirit:library="bsb_lib.busdefs" spirit:name="gpio" spirit:version="1.0"/>
			<spirit:master>
			</spirit:master>
			<spirit:parameters>
				<spirit:parameter>
					<spirit:name>C_GPIO_WIDTH</spirit:name>
					<spirit:value spirit:format="string" spirit:resolve="immediate" spirit:id="GPIO_HDRP2_PORT1_GPIO_WIDTH_ID">32</spirit:value>
				</spirit:parameter>
				<spirit:parameter>
					<spirit:name>C_ALL_INPUTS</spirit:name>
					<spirit:value spirit:format="string" spirit:resolve="immediate" spirit:id="GPIO_HDRP2_PORT1_ALL_INPUTS_ID">0</spirit:value>
				</spirit:parameter>
				<spirit:parameter>
					<spirit:name>C_IS_DUAL</spirit:name>
					<spirit:value spirit:format="string" spirit:resolve="immediate" spirit:id="GPIO_HDRP2_PORT1_IS_DUAL_ID">0</spirit:value>
				</spirit:parameter>
			</spirit:parameters>
		</spirit:busInterface>
		<spirit:busInterface spirit:service="requestor">
			<spirit:name>GPIO_HDRP2_PORT2</spirit:name>
			<spirit:busType spirit:vendor="xilinx.com" spirit:library="bsb_lib.busdefs" spirit:name="gpio" spirit:version="1.0"/>
			<spirit:master>
			</spirit:master>
			<spirit:parameters>
				<spirit:parameter>
					<spirit:name>C_GPIO_WIDTH</spirit:name>
					<spirit:value spirit:format="string" spirit:resolve="immediate" spirit:id="GPIO_HDRP2_PORT2_GPIO_WIDTH_ID">6</spirit:value>
				</spirit:parameter>
				<spirit:parameter>
					<spirit:name>C_ALL_INPUTS</spirit:name>
					<spirit:value spirit:format="string" spirit:resolve="immediate" spirit:id="GPIO_HDRP2_PORT2_ALL_INPUTS_ID">0</spirit:value>
				</spirit:parameter>
				<spirit:parameter>
					<spirit:name>C_IS_DUAL</spirit:name>
					<spirit:value spirit:format="string" spirit:resolve="immediate" spirit:id="GPIO_HDRP2_PORT2_IS_DUAL_ID">0</spirit:value>
				</spirit:parameter>
			</spirit:parameters>
		</spirit:busInterface>
		<spirit:busInterface spirit:service="requestor">
			<spirit:name>GPIO_HDRP3_PORT0</spirit:name>
			<spirit:busType spirit:vendor="xilinx.com" spirit:library="bsb_lib.busdefs" spirit:name="gpio" spirit:version="1.0"/>
			<spirit:master>
			</spirit:master>
			<spirit:parameters>
				<spirit:parameter>
					<spirit:name>C_GPIO_WIDTH</spirit:name>
					<spirit:value spirit:format="string" spirit:resolve="immediate" spirit:id="GPIO_HDRP3_PORT0_GPIO_WIDTH_ID">32</spirit:value>
				</spirit:parameter>
				<spirit:parameter>
					<spirit:name>C_ALL_INPUTS</spirit:name>
					<spirit:value spirit:format="string" spirit:resolve="immediate" spirit:id="GPIO_HDRP3_PORT0_ALL_INPUTS_ID">0</spirit:value>
				</spirit:parameter>
				<spirit:parameter>
					<spirit:name>C_IS_DUAL</spirit:name>
					<spirit:value spirit:format="string" spirit:resolve="immediate" spirit:id="GPIO_HDRP3_PORT0_IS_DUAL_ID">0</spirit:value>
				</spirit:parameter>
			</spirit:parameters>
		</spirit:busInterface>
		<spirit:busInterface spirit:service="requestor">
			<spirit:name>GPIO_HDRP3_PORT1</spirit:name>
			<spirit:busType spirit:vendor="xilinx.com" spirit:library="bsb_lib.busdefs" spirit:name="gpio" spirit:version="1.0"/>
			<spirit:master>
			</spirit:master>
			<spirit:parameters>
				<spirit:parameter>
					<spirit:name>C_GPIO_WIDTH</spirit:name>
					<spirit:value spirit:format="string" spirit:resolve="immediate" spirit:id="GPIO_HDRP3_PORT1_GPIO_WIDTH_ID">32</spirit:value>
				</spirit:parameter>
				<spirit:parameter>
					<spirit:name>C_ALL_INPUTS</spirit:name>
					<spirit:value spirit:format="string" spirit:resolve="immediate" spirit:id="GPIO_HDRP3_PORT1_ALL_INPUTS_ID">0</spirit:value>
				</spirit:parameter>
				<spirit:parameter>
					<spirit:name>C_IS_DUAL</spirit:name>
					<spirit:value spirit:format="string" spirit:resolve="immediate" spirit:id="GPIO_HDRP3_PORT1_IS_DUAL_ID">0</spirit:value>
				</spirit:parameter>
			</spirit:parameters>
		</spirit:busInterface>
		<spirit:busInterface spirit:service="requestor">
			<spirit:name>FT2232_UART</spirit:name>
			<spirit:busType spirit:vendor="xilinx.com" spirit:library="bsb_lib.busdefs" spirit:name="uart" spirit:version="1.0"/>
			<spirit:master>
			</spirit:master>
		</spirit:busInterface>
		<spirit:busInterface spirit:service="requestor">
			<spirit:name>LPDDR</spirit:name>
			<spirit:busType spirit:vendor="xilinx.com" spirit:library="bsb_lib.busdefs" spirit:name="s6_ddrx_memory" spirit:version="1.0"/>
			<spirit:master>
			</spirit:master>
			<spirit:parameters>
				<spirit:parameter>
					<spirit:name>C_MEM_PARTNO</spirit:name>
					<spirit:value spirit:format="string" spirit:resolve="immediate" spirit:id="C_MEM_PARTNO_ID">MT46H32M16XXXX-5</spirit:value>
				</spirit:parameter>
				<spirit:parameter>
					<spirit:name>C_BYPASS_CORE_UCF</spirit:name>
					<spirit:value spirit:format="string" spirit:resolve="immediate" spirit:id="C_BYPASS_CORE_UCF_ID">0</spirit:value>
				</spirit:parameter>
				<spirit:parameter>
					<spirit:name>C_MEM_TYPE</spirit:name>
					<spirit:value spirit:format="string" spirit:resolve="immediate" spirit:id="C_MEM_TYPE_ID">MDDR</spirit:value>
				</spirit:parameter>
				<spirit:parameter>
					<spirit:name>C_MCB_RZQ_LOC</spirit:name>
					<spirit:value spirit:format="string" spirit:resolve="immediate" spirit:id="C_MCB_RZQ_LOC_ID">N4</spirit:value>
				</spirit:parameter>
				<spirit:parameter>
					<spirit:name>C_MEM_BANKADDR_WIDTH</spirit:name>
					<spirit:value spirit:format="string" spirit:resolve="immediate" spirit:id="C_MEM_BANKADDR_WIDTH">2</spirit:value>
				</spirit:parameter>
				<spirit:parameter>
					<spirit:name>C_SKIP_IN_TERM_CAL</spirit:name>
					<spirit:value spirit:format="string" spirit:resolve="immediate" spirit:id="C_SKIP_IN_TERM_CAL">1</spirit:value>
				</spirit:parameter>
				<spirit:parameter>
					<spirit:name>C_MCB_PERFORMANCE</spirit:name>
					<spirit:value spirit:format="string" spirit:resolve="immediate" spirit:id="C_MCB_PERFORMANCE_ID">STANDARD</spirit:value>
				</spirit:parameter>
				<spirit:parameter>
					<spirit:name>MEMORY_0_BASEADDR</spirit:name>
					<spirit:value spirit:format="string" spirit:resolve="immediate" spirit:id="MEMORY_0_BASEADDR_ID">0x00000000</spirit:value>
				</spirit:parameter>
				<spirit:parameter>
					<spirit:name>MEMORY_0_HIGHADDR</spirit:name>
					<spirit:value spirit:format="string" spirit:resolve="immediate" spirit:id="MEMORY_0_HIGHADDR_ID">0x03FFFFFF</spirit:value>
				</spirit:parameter>
			</spirit:parameters>
		</spirit:busInterface>
	</spirit:busInterfaces>
</spirit:component>
